title,left,leftcenter,center,right-center,right,pro-science,conspiracy,fake-news,satire,user-submitted,unknown
news,7,46,20,5,0,1,0,1,0,0,20
worldnews,18,50,17,3,1,2,0,0,0,0,9
politics,26,50,10,2,0,0,0,0,0,1,11
the_donald,0,1,0,2,8,0,0,5,0,75,9
worldpolitics,12,23,7,6,1,0,2,1,0,29,19
business,2,6,1,2,0,1,0,0,0,11,13
economics,2,11,2,3,0,0,0,0,0,2,11
libertarian,6,13,5,8,7,0,1,5,0,33,21
conservative,0,11,2,5,38,0,0,17,1,9,17
sandersforpresident,5,7,0,1,1,0,0,0,0,68,18
progressive,0,4,2,0,0,0,1,0,0,2,1
the_mueller,3,9,2,0,0,0,0,0,0,16,1
